{"best": {"of": -0.9998700048029716, "solution": [1, 1, 0, 1, 0]}, "parameters": [[0.0, 1.9388379394488022, 3.141592653589793, 3.141592653589793, 3.141592653589793], [0.0, 1.895954443681184, 2.7537263328642743, 2.7537263328642743, 2.7537263328642743]], "ev": 20.381454357800816}