{"best": {"of": -0.9998700048029716, "solution": [1, 1, 0, 1, 0]}, "parameters": [[0.03169525029317262, 0.8586218696337672, 2.9919037239472948, 0.25128077432896156, 2.8542444012911243], [0.033018744185958626, 0.8838884825097262, 2.6662699642030674, 0.26151361300721954, 2.580787658057213]], "ev": 21.371787471315084}