{"best": {"of": -0.9998700048029716, "solution": [1, 1, 0, 1, 0]}, "parameters": [[2.6630426494799924, 0.5287510091188051, 0.8069184674243708, 2.8854249024172622, 0.02638328698203358], [2.454122844397663, 0.5483733216640134, 0.8318337768186437, 2.600571900599328, 0.02748510538096971]], "ev": 87.53482162816701}