{"best": {"of": -0.9998700048029716, "solution": [1, 1, 0, 1, 0]}, "parameters": [[0.0, 1.384209096506217, 3.141592653589793, 0.0, 1.7588762019819248], [0.0, 1.3972516406079025, 2.7537263328642743, 0.0, 1.7400156580191872]], "ev": 52.17706044582448}