{"best": {"of": -0.9998700048029716, "solution": [1, 1, 0, 1, 0]}, "parameters": [[3.141592653589793, 3.141592653589793, 3.141592653589793, 3.141592653589793, 0.9527266039769674], [2.7537263328642743, 2.7537263328642743, 2.7537263328642743, 2.7537263328642743, 0.9780224991459261]], "ev": 14.748711533531262}