{"best": {"of": -0.9998700048029716, "solution": [1, 1, 0, 1, 0]}, "parameters": [[0.17177743649933977, 2.5326919139583515, 1.2425478626091437, 2.6452678647737797, 2.9637244423096285], [0.17886886545423653, 2.3625873900519894, 1.262133923026116, 2.441885540901011, 2.649164453486435]], "ev": 57.094300615180934}