{"best": {"of": -0.9998700048029716, "solution": [1, 1, 0, 1, 0]}, "parameters": [[0.0, 0.1848602110804223, 3.141592653589793, 0.9909233372472505, 3.141592653589793], [0.0, 0.19247737721736558, 2.7537263328642743, 1.0159901032065157, 2.7537263328642743]], "ev": 19.31757776754138}