{"best": {"of": -0.9998700048029716, "solution": [1, 1, 0, 1, 0]}, "parameters": [[0.0, 1.319623233153192, 2.9217652721083427, 0.7643579587086843, 2.84809267527009], [0.0, 1.335986854045566, 2.6233187378858664, 0.7888189048785068, 2.57685526728734]], "ev": 25.5252036596493}