{"best": {"of": -0.9998700048029716, "solution": [1, 1, 0, 1, 0]}, "parameters": [[0.0, 0.5645248963928724, 3.141592653589793, 3.141592653589793, 3.141592653589793], [0.0, 0.5851054363227424, 2.7537263328642743, 2.7537263328642743, 2.7537263328642743]], "ev": 18.57013199927805}