{
"Currencies": [0],
 "Securities": [
[100000.0, 0.8918162496],
 [100000.0, 0],
 [100000.0, 0.8978127],
 [100000.0, 0]
],
 "Transactions": [
[7700000000.0, 0, 0.0, 3, 1, 7, 36, 35, 9],
 [376509093.0, 0, 390000000.0, 2, 0, 10, 1, 38, 3],
 [125806000.0, 0, 125806000.0, 1, 13, 8, 16, 0, 7],
 [351344.77, 0, 295000.0, 0, 6, 10, 2, 33, 7],
 [3721000.0, 0, 0.0, 3, 7, 5, 14, 36, 3],
 [1472190.93, 0, 1525000.0, 2, 4, 10, 1, 26, 7],
 [8000400.0, 0, 8000000.0, 1, 13, 8, 5, 0, 15],
 [301123.82, 0, 295000.0, 0, 8, 6, 33, 17, 15],
 [59012000.0, 0, 0.0, 3, 7, 2, 20, 36, 3],
 [19307.6, 0, 20000.0, 2, 8, 10, 1, 31, 7],
 [10003.0, 0, 10000.0, 1, 5, 8, 5, 13, 15],
 [9794348.05, 0, 9751000.0, 0, 10, 8, 17, 2, 7],
 [4662000.0, 0, 0.0, 3, 7, 8, 32, 36, 3],
 [157883652.66, 0, 163538000.0, 2, 11, 10, 1, 30, 7],
 [171017.1, 0, 171000.0, 1, 16, 8, 5, 23, 15],
 [192635.21, 0, 188000.0, 0, 10, 8, 37, 2, 7],
 [300000.0, 0, 0.0, 3, 7, 0, 40, 36, 3],
 [48265000.0, 0, 50000000.0, 2, 11, 14, 11, 30, 7],
 [20003.0, 0, 20000.0, 1, 16, 8, 5, 12, 15],
 [640334.11, 0, 636000.0, 0, 15, 10, 2, 8, 7],
 [202158000.0, 0, 0.0, 3, 7, 8, 10, 36, 3],
 [89770180.47, 0, 93000000.0, 2, 14, 10, 1, 11, 7],
 [783000.0, 0, 783000.0, 1, 16, 8, 7, 12, 15],
 [9793.51, 0, 43000.0, 0, 8, 10, 2, 28, 7],
 [1069000.0, 0, 0.0, 3, 7, 13, 34, 36, 3],
 [2838177.55, 0, 2940000.0, 2, 8, 10, 1, 22, 7],
 [49613000.0, 0, 49613000.0, 1, 3, 8, 7, 19, 15],
 [93934.98, 0, 500000.0, 0, 15, 10, 2, 24, 7],
 [1000000.0, 0, 0.0, 3, 7, 0, 39, 36, 3],
 [196187572.0, 0, 203240000.0, 2, 8, 8, 15, 22, 7],
 [2073000.0, 0, 2073000.0, 1, 16, 8, 7, 18, 15],
 [98136.96, 0, 91000.0, 0, 10, 4, 27, 2, 7],
 [114602000.0, 0, 0.0, 3, 7, 8, 21, 36, 3],
 [1038662.8, 0, 1076000.0, 2, 5, 8, 15, 29, 15],
 [91107066.0, 0, 91098000.0, 1, 12, 8, 7, 4, 15],
 [66924.75, 0, 68000.0, 0, 8, 10, 2, 6, 7],
 [35680.0, 0, 0.0, 3, 7, 4, 9, 36, 3],
 [180510464.1, 0, 187000000.0, 2, 8, 10, 1, 15, 7],
 [110000.0, 0, 110000.0, 1, 16, 8, 7, 3, 15],
 [20421.37, 0, 20000.0, 0, 9, 8, 6, 25, 15]
],
 "SPs": [
[1, 345345345.0, 0],
 [2, 14434445.0, 0],
 [0, 67735.0, 0],
 [1, 10434445.0, 0],
 [1, 100004.0, 0],
 [1, 10.0, 0],
 [0, 607558000.0, 0],
 [1, 32445.0, 0],
 [0, 10000.0, 0],
 [3, 323340.0, 0],
 [3, 862921500.0, 0],
 [2, 32455000.0, 0],
 [1, 17800.0, 0],
 [1, 500000.0, 0],
 [3, 6750000.0, 0],
 [2, 59864546.0, 0],
 [1, 45566500.0, 0],
 [0, 9851000.0, 0],
 [1, 5788300.0, 0],
 [1, 3692000.0, 0],
 [3, 43454000.0, 0],
 [3, 3954000.0, 0],
 [2, 8000000000.0, 0],
 [1, 487445000.0, 0],
 [0, 922971000.0, 0],
 [0, 9834112.0, 0],
 [2, 0, 0],
 [0, 303018000, 0],
 [0, 235000, 0],
 [2, 0, 0],
 [2, 0, 0],
 [2, 0, 0],
 [3, 0, 0],
 [0, 790, 0],
 [3, 0, 0],
 [3, 0, 1],
 [3, 0.0, 0],
 [0, 232000.0, 0],
 [2, 0.0, 0],
 [3, 0.0, 0],
 [3, 0.0, 0],
 [2, 0, 0],
 [1, 0, 0],
 [0, 0, 0],
 [3, 0, 0]
],
 "CBs": [
[0, -77094777289.0, 1],
 [0, 7700000001.0, 0],
 [0, 45901200000.0, 0],
 [0, 56168400000.0, 0],
 [0, 525000.0, 0],
 [0, 2889887610.0, 0],
 [0, 168272800000.0, 0],
 [0, 10000.0, 0],
 [0, 1048733100000.0, 0],
 [0, 2794348.0, 0],
 [0, 1794348.0, 0],
 [0, 22228000000.0, 0],
 [0, 36951375179.0, 0],
 [0, 118887000000.0, 0],
 [0, 221839900000.0, 0],
 [0, 814284700000.0, 0],
 [0, 55255200000.0, 0]
],
 "SPLs": [
[4, 11, 41, 100000.0],
 [0, 6, 43, 100000.0],
 [3, 8, 43, 100000.0],
 [0, 15, 41, 100000.0],
 [0, 17, 43, 100000.0],
 [2, 1, 41, 100000.0],
 [2, 2, 43, 100000.0],
 [0, 22, 41, 100000.0],
 [7, 25, 43, 100000.0],
 [3, 24, 43, 100000.0],
 [1, 26, 41, 100000.0],
 [1, 27, 43, 100000.0],
 [0, 28, 43, 100000.0],
 [12, 29, 41, 100000.0],
 [8, 30, 41, 100000.0],
 [0, 31, 41, 100000.0],
 [5, 33, 43, 100000.0],
 [0, 37, 43, 100000.0]
],
 "CMBs": [
[0, 0, 8, 0, 99999999999999.0],
 [0, 0, 4, 0, 99999999999999.0],
 [0, 0, 10, 0, 50000000000.0],
 [0, 0, 15, 0, 99999999999999.0],
 [0, 0, 14, 0, 99999999999999.0],
 [0, 0, 6, 0, 99999999999999.0],
 [0, 0, 16, 0, 99999999999999.0],
 [0, 0, 9, 0, 99999999999999.0],
 [0, 0, 11, 0, 99999999999999.0],
 [0, 0, 13, 0, 99999999999999.0],
 [0, 0, 3, 0, 99999999999999.0],
 [0, 0, 12, 0, 30000000000.0],
 [0, 0, 5, 0, 99999999999999.0],
 [0, 0, 2, 0, 99999999999999.0]
],
 "Links": [
[0, 4],
 [0, 8],
 [0, 12],
 [0, 16],
 [0, 20],
 [0, 24],
 [0, 28],
 [0, 32],
 [0, 36]
],
 "PriorityWeights": [1, 0.1, 0.01, 0.001, 0.0001, 1e-05, 1e-06, 1e-07, 1e-08, 1e-09, 1e-10, 1e-11, 1e-12, 1e-13, 1e-14, 1e-15]
}