{
"Currencies": [0],
 "Securities": [
[100000.0, 0.8918162496],
 [100000.0, 0],
 [100000.0, 0.8978127],
 [100000.0, 0.8219338362],
 [100000.0, 0]
],
 "Transactions": [
[87000.0, 0, 0.0, 4, 5, 6, 49, 45, 3],
 [2283102.7, 0, 2365000.0, 2, 13, 9, 1, 0, 7],
 [888093000.0, 0, 888093000.0, 1, 6, 6, 18, 26, 7],
 [10290221.41, 0, 10000000.0, 0, 9, 2, 47, 3, 7],
 [70915789.83, 0, 76000000.0, 3, 0, 9, 2, 43, 7],
 [250000000.0, 0, 0.0, 4, 1, 5, 45, 44, 3],
 [4826500.0, 0, 5000000.0, 2, 13, 4, 39, 0, 15],
 [871649000.0, 0, 871649000.0, 1, 6, 14, 29, 26, 7],
 [640334.11, 0, 636000.0, 0, 14, 9, 3, 10, 7],
 [202966.85, 0, 210000.0, 3, 4, 9, 2, 40, 7],
 [78847000.0, 0, 0.0, 4, 5, 3, 33, 45, 3],
 [9652.67, 0, 10000.0, 2, 6, 4, 39, 7, 15],
 [12281000.0, 0, 12281000.0, 1, 17, 14, 29, 20, 7],
 [566502.87, 0, 555000.0, 0, 9, 10, 36, 3, 7],
 [127331.98, 0, 137000.0, 3, 6, 4, 40, 24, 15],
 [353454000.0, 0, 0.0, 4, 5, 6, 27, 45, 3],
 [4829.9, 0, 5000.0, 2, 15, 6, 7, 16, 15],
 [15684000.0, 0, 15684000.0, 1, 17, 6, 18, 20, 7],
 [11371452.48, 0, 11000000.0, 0, 9, 8, 48, 3, 7],
 [67897.34, 0, 73000.0, 3, 2, 4, 40, 23, 15],
 [20017000.0, 0, 0.0, 4, 5, 6, 22, 45, 3],
 [7793832.2, 0, 8074000.0, 2, 15, 6, 17, 16, 15],
 [5000000.0, 0, 5000000.0, 1, 3, 6, 18, 11, 7],
 [9793.51, 0, 43000.0, 0, 6, 9, 3, 35, 7],
 [67097.59, 0, 72000.0, 3, 6, 2, 23, 9, 15],
 [4162000.0, 0, 0.0, 4, 5, 6, 21, 45, 3],
 [16997002.4, 0, 17608000.0, 2, 6, 6, 17, 12, 15],
 [278078000.0, 0, 278078000.0, 1, 10, 6, 18, 25, 7],
 [93934.98, 0, 500000.0, 0, 14, 9, 3, 30, 7],
 [72711.52, 0, 78000.0, 3, 9, 6, 9, 2, 7],
 [4347000.0, 0, 0.0, 4, 5, 6, 38, 45, 3],
 [9267738.44, 0, 9600000.0, 2, 6, 6, 7, 12, 15],
 [274361000.0, 0, 274361000.0, 1, 10, 14, 29, 25, 7],
 [98136.96, 0, 91000.0, 0, 9, 3, 34, 3, 7],
 [1338.12, 0, 0.0, 3, 9, 16, 46, 2, 7],
 [686000.0, 0, 0.0, 4, 5, 16, 4, 45, 3],
 [9656.8, 0, 10000.0, 2, 7, 6, 7, 31, 15],
 [6273000.0, 0, 6273000.0, 1, 6, 14, 29, 37, 7],
 [66924.75, 0, 68000.0, 0, 6, 9, 3, 8, 7],
 [37707372.86, 0, 40000000.0, 3, 9, 14, 28, 2, 7],
 [1069000.0, 0, 0.0, 4, 5, 12, 42, 45, 3],
 [154477.8, 0, 160000.0, 2, 16, 6, 7, 15, 15],
 [6786000.0, 0, 6786000.0, 1, 6, 6, 18, 37, 7],
 [20421.37, 0, 20000.0, 0, 7, 6, 8, 32, 15],
 [105264.87, 0, 113000.0, 3, 17, 9, 2, 19, 7],
 [79397000.0, 0, 0.0, 4, 5, 11, 5, 45, 3],
 [2518467.7, 0, 2609000.0, 2, 16, 13, 13, 15, 15],
 [5000000.0, 0, 5000000.0, 1, 13, 6, 18, 14, 7],
 [1141727.57, 0, 1119000.0, 0, 11, 6, 8, 6, 14],
 [30322.46, 0, 0.0, 3, 16, 9, 2, 41, 7]
],
 "SPs": [
[2, 345345345.0, 0],
 [2, 4434445.0, 0],
 [3, 67735.0, 0],
 [0, 10434445.0, 0],
 [4, 100004.0, 0],
 [4, 10.0, 0],
 [0, 607558000.0, 0],
 [2, 32445.0, 0],
 [0, 10000.0, 0],
 [3, 323340.0, 0],
 [0, 862921500.0, 0],
 [1, 32455000.0, 0],
 [2, 17800.0, 0],
 [2, 500000.0, 0],
 [1, 6750000.0, 0],
 [2, 59864546.0, 0],
 [2, 45566500.0, 0],
 [2, 9345500.0, 0],
 [1, 5788300.0, 0],
 [3, 3692000.0, 0],
 [1, 43454000.0, 0],
 [4, 3954000.0, 0],
 [4, 8000000000.0, 0],
 [3, 487445000.0, 0],
 [3, 922971000.0, 0],
 [1, 9834112.0, 0],
 [1, 18000.0, 0],
 [4, 2356600.0, 0],
 [3, 230000.0, 0],
 [1, 932000000.0, 0],
 [0, 450000.0, 0],
 [2, 102300000.0, 0],
 [0, 79273000.0, 0],
 [4, 0.0, 0],
 [0, 303018000.0, 0],
 [0, 235000.0, 0],
 [0, 9632000.0, 0],
 [1, 7632800000.0, 0],
 [4, 0.0, 0],
 [2, 1000000000.0, 0],
 [3, 29000.0, 0],
 [3, 200000.0, 0],
 [4, 4532230000.0, 0],
 [3, 3871570000.0, 0],
 [4, 456000000.0, 1],
 [4, 0.0, 0],
 [3, 4312234.0, 0],
 [0, 12000000.0, 0],
 [0, 61000000.0, 0],
 [4, 9348340439.0, 0],
 [2, 0, 0],
 [1, 0, 0],
 [0, 0, 0],
 [3, 0, 0],
 [4, 0, 0]
],
 "CBs": [
[0, 0.0, 1],
 [0, 1000000000.0, 0],
 [0, 5616840.0, 0],
 [0, 6145270.0, 0],
 [0, 16827280.0, 0],
 [0, 100000000.0, 0],
 [0, 104873310.0, 0],
 [0, 443440.0, 0],
 [0, 415.0, 0],
 [0, 120.0, 0],
 [0, 22228.0, 0],
 [0, 36951375179.0, 0],
 [0, 11888007.0, 0],
 [0, 22183990.0, 0],
 [0, 81428470.0, 0],
 [0, 1041610.0, 0],
 [0, 5525520.0, 0],
 [0, 8273000.0, 0]
],
 "SPLs": [
[4, 13, 50, 100000.0],
 [6, 15, 50, 100000.0],
 [0, 7, 50, 100000.0],
 [0, 8, 52, 100000.0],
 [0, 9, 53, 100000.0],
 [0, 12, 50, 100000.0],
 [3, 10, 52, 100000.0],
 [4, 0, 50, 100000.0],
 [11, 6, 52, 100000.0],
 [0, 17, 50, 100000.0],
 [2, 1, 50, 100000.0],
 [2, 2, 53, 100000.0],
 [2, 3, 52, 100000.0],
 [0, 24, 53, 100000.0],
 [10, 23, 53, 100000.0],
 [7, 31, 50, 100000.0],
 [7, 32, 52, 100000.0],
 [3, 28, 53, 100000.0],
 [3, 30, 52, 100000.0],
 [1, 34, 52, 100000.0],
 [0, 35, 52, 100000.0],
 [8, 36, 52, 100000.0],
 [5, 39, 50, 100000.0],
 [5, 40, 53, 100000.0],
 [6, 41, 53, 100000.0],
 [6, 46, 53, 100000.0],
 [10, 47, 52, 100000.0],
 [12, 48, 52, 100000.0]
],
 "CMBs": [
[0, 0, 6, 0, 99999999999999.0],
 [0, 0, 3, 0, 99999999999999.0],
 [0, 0, 9, 0, 50000000000.0],
 [0, 0, 14, 0, 99999999999999.0],
 [0, 0, 13, 0, 99999999999999.0],
 [0, 0, 4, 0, 99999999999999.0],
 [0, 0, 16, 0, 99999999999999.0],
 [0, 0, 7, 0, 99999999999999.0],
 [0, 0, 10, 0, 99999999999999.0],
 [0, 0, 12, 0, 99999999999999.0],
 [0, 0, 2, 0, 99999999999999.0],
 [0, 0, 11, 0, 30000000000.0],
 [0, 0, 8, 0, 99999999999999.0]
],
 "Links": [
[5, 0],
 [5, 10],
 [5, 15],
 [5, 20],
 [5, 25],
 [5, 30],
 [5, 35],
 [5, 40],
 [5, 45]
],
 "PriorityWeights": [1, 0.1, 0.01, 0.001, 0.0001, 1e-05, 1e-06, 1e-07, 1e-08, 1e-09, 1e-10, 1e-11, 1e-12, 1e-13, 1e-14, 1e-15]
}