{"best": {"of": -0.9998700048029716, "solution": [1, 1, 0, 1, 0]}, "parameters": [[2.5905079112615406, 0.444085891263722, 0.038660758660260565, 0.820087367298832, 3.0959189333293553], [2.403698015359115, 0.46117744460834587, 0.04027479514579735, 0.8451135406676693, 2.727650287031813]], "ev": 157.16329821448852}