{"best": {"of": -0.9998700048029716, "solution": [1, 1, 0, 1, 0]}, "parameters": [[3.1255172783858294, 1.520366764883299, 0.6405873304267363, 2.548746663447454, 0.46059589458600464], [2.744609618132765, 1.5244208085893693, 0.6629573514517699, 2.3740843313696876, 0.4782079815850997]], "ev": 58.31755999575267}